id_client,nom,email,ville
1,Victor Humbert,wmercier@example.org,Laine
2,Jérôme Coulon,carpentierveronique@example.org,Chrétien-sur-Diallo
3,Susan Guyot-Chauvet,aurorecohen@example.org,Ledoux-sur-Tanguy
4,Aurélie Roger Le Le Gall,petitadelaide@example.net,Albert
5,Pénélope Lefort,verdierjuliette@example.com,Gosselin
6,Olivie Diallo,joseph39@example.org,AugerVille
7,Amélie Moreno,davidcharpentier@example.net,Brunel
8,Anastasie Lecomte,alexandrie19@example.com,Courtois-sur-Renault
9,Renée Joseph,jeancolas@example.net,Gaillard-sur-Voisin
10,Benjamin Leleu,wagnernathalie@example.org,Didier
11,Alice Tessier,margauxcolas@example.org,Merle
12,Véronique Mary,christelledelmas@example.org,Nguyendan
13,Virginie Ruiz,victor67@example.com,Léger
14,Louis Laurent-Moreau,tdias@example.net,Sainte Aurélie
15,Audrey Reynaud,adriendufour@example.net,Leduc
16,Margaret Tessier,marechalcamille@example.org,Morin
17,Anouk Paris de la Clément,dufourchristiane@example.org,Lambert
18,Marcel Lagarde de la Besson,emilie67@example.org,Lecoq
19,Jeannine Guyon,tbouchet@example.org,Sainte Claudine
20,Marie Gaudin,valletgregoire@example.net,Merle
21,Françoise Bigot,bimbert@example.org,Sainte Renée
22,Louis-Henri Julien,ychevallier@example.org,Saint Josette-les-Bains
23,Henri Wagner,michellemillet@example.org,Sainte Marie
24,Laure Descamps,levyphilippe@example.com,Sainte PatriciaBourg
25,Michelle Mace,buissonedith@example.com,Gaillardboeuf
26,Denise Delmas,david11@example.net,Diallo
27,Gilles Clément,christine50@example.org,Sainte Éricboeuf
28,Margaux Laurent,ubernard@example.org,Diallo
29,Margaux Berger,ofernandez@example.net,Gallet-les-Bains
30,Léon Techer,chevallieralphonse@example.net,Raynaud
31,Théophile Boyer,matthieumichel@example.net,Saint Madeleine
32,Michelle Merle,victoiretraore@example.net,Samson
33,Augustin Baron du Berthelot,lucas80@example.net,Chrétien
34,Alfred Mathieu,dijouxjeanne@example.org,Da Costanec
35,Laurence Jean-Valette,aguerin@example.org,MalletBourg
36,Martine Bouvier,chretieneugene@example.org,Bonneau
37,Alix Langlois,barbegabriel@example.org,Sainte Arthur
38,Catherine Le Roux-Payet,bonninhonore@example.com,Verdier-la-Forêt
39,Caroline Camus,richard22@example.org,Moreau
40,Marcelle de la Wagner,renelemaire@example.net,Fleury
41,Émile Imbert,valentineturpin@example.org,Thomas-la-Forêt
42,Denis Dijoux de Gomes,paulette72@example.net,Techer
43,Stéphane Bousquet,bouvetaugustin@example.org,Sainte Patricknec
44,Adèle Pons,mathieuceline@example.net,BarthelemyVille
45,Diane Chevalier,clemencelenoir@example.net,Lemoinedan
46,Philippine Rocher,poirieranne@example.com,Andre
47,Alix Delahaye Le Pires,antoinettemallet@example.net,Lefèvre
48,Aurélie Bègue,hjacquot@example.net,Sainte ThéodoreBourg
49,Adèle Boucher,gerardadrien@example.com,Pichonboeuf
50,Emmanuelle Grégoire-Rousset,fabrealain@example.com,Tanguy-sur-Mer
51,Thomas-Augustin De Oliveira,isaac61@example.com,Sainte AdrienVille
52,Thierry Valette,brigitte80@example.com,Leroy-sur-Richard
53,Patricia Perrier,antoinettemaurice@example.net,GrosVille
54,Victoire Seguin,gabrielhuet@example.com,Sainte Capucine
55,Pauline Aubry,guilletelisabeth@example.org,Lévy
56,Olivier du Berger,odettevaillant@example.net,Gauthier
57,Constance Brunet,pauletteleblanc@example.com,Vasseur
58,Gilbert Rousset,claire52@example.com,Ribeiro
59,Aimé Texier,anastasieolivier@example.org,Pineau-sur-Robin
60,Alex Faure,thibautbesnard@example.org,Gauthier-sur-Mer
61,Marc David,ucollin@example.net,Sainte David
62,Stéphane Pasquier-Marques,ecousin@example.net,Hoarau
63,Denis Clerc,ledouxalain@example.org,Sainte FrédéricBourg
64,Jules Simon,rene22@example.com,Hernandez
65,Julie Caron,josetteriou@example.org,Sainte Marie
66,Éric Pereira,christine71@example.org,Dumont
67,Nicole Hamon,frederique79@example.org,Sainte Patriciadan
68,Patricia Da Silva,duvalelise@example.net,Carpentierboeuf
69,Franck Renault,tnavarro@example.org,Sainte Julie-sur-Mer
70,Astrid Le Rodriguez,marc53@example.org,Sainte Denis-sur-Mer
71,Chantal Maury,vincentmartel@example.com,Sainte Brigitte
72,Laetitia Maillet,qbaudry@example.org,Hamel
73,Monique Ribeiro,mauriceboyer@example.net,Rodrigues-les-Bains
74,Geneviève Alves,thomascharrier@example.org,Antoine-sur-Ribeiro
75,Augustin Mathieu,denisthierry@example.net,Sainte Vincent
76,Valérie David,michelle47@example.org,Masson
77,Élisabeth Boulay,rle-roux@example.org,Saint Suzanne-les-Bains
78,Timothée Le Olivier,garnierclemence@example.net,Leroux
79,Vincent Buisson,claudebailly@example.net,Lévêque-sur-Poirier
80,Sabine-Margot Perrot,descampsmartine@example.org,Fernandez-les-Bains
81,Noémi Ferrand,maillotgeorges@example.com,CamusBourg
82,Michelle Lévêque,njacquet@example.org,Léger
83,Nathalie Bailly,ybouchet@example.org,Courtois-les-Bains
84,Antoine Samson Le Lebreton,marinelanglois@example.org,Saint Bernadette
85,Sophie Neveu de Tessier,georgesevrard@example.org,Lecoq-sur-François
86,Isaac Poirier,de-sousachristiane@example.com,Delmas-sur-Hamon
87,David Gilbert,pclement@example.org,Collin
88,Brigitte Paris,rclement@example.net,Morel
89,Louis Martinez,remylaure@example.org,Gérard-sur-Mer
90,Philippe Guérin-Legros,rogerferrand@example.com,Meyer-les-Bains
91,Robert du Legrand,laurentbernard@example.net,Blin
92,Laure Thibault,brigitteruiz@example.com,Laroche
93,Philippine-Chantal Lemoine,eleonore70@example.org,Allain-sur-Mer
94,Aimée de la Gillet,coulonxavier@example.net,Lemaître
95,Victoire Daniel,peronmichelle@example.net,Schneiderdan
96,André Joseph,wbigot@example.com,Alexandre
97,Yves Bouvet,claire29@example.net,Fernandez
98,Marcel Roger-Guillot,ojulien@example.org,Prévostboeuf
99,Marianne Lefèvre-Buisson,philippe96@example.com,Peltier
100,Suzanne Vaillant,godardaudrey@example.net,Seguin
5,Doublon Test,doublon@test.com,Paris
5,Doublon Test,doublon@test.com,Paris
